photons,time,photons_per_second
32768,0.210089,155.972268
32768,0.202766,161.605216
32768,0.199594,164.173361
32768,0.20258,161.75371
32768,0.201055,162.98012
32768,0.198982,164.678549
32768,0.202168,162.08307
32768,0.200718,163.253516
32768,0.198417,165.146828
32768,0.199182,164.512769
