photons,time,photons_per_second
32768,0.107094,305.974937
32768,0.107647,304.401082
32768,0.107561,304.646574
32768,0.107967,303.501012
32768,0.106399,307.972906
32768,0.107561,304.646673
32768,0.107676,304.319422
32768,0.106693,307.122794
32768,0.107666,304.347509
32768,0.107368,305.194243
