photons,time,photons_per_second
32768,0.15912,205.933199
32768,0.156635,209.199341
32768,0.156795,208.986105
32768,0.157398,208.186107
32768,0.15736,208.235556
32768,0.158422,206.840116
32768,0.15819,207.143771
32768,0.156682,209.136443
32768,0.158732,206.436007
32768,0.158278,207.028002
