photons,time,photons_per_second
32768,0.09531,343.803392
32768,0.095293,343.866526
32768,0.094946,345.121019
32768,0.093279,351.290615
32768,0.092798,353.111819
32768,0.092861,352.873047
32768,0.09448,346.826395
32768,0.0949,345.289509
32768,0.093385,350.891516
32768,0.093558,350.240785
