photons,time,photons_per_second
32768,0.192487,170.235221
32768,0.190434,172.070505
32768,0.190216,172.266893
32768,0.193315,169.506091
32768,0.189782,172.661575
32768,0.191496,171.116101
32768,0.190855,171.690287
32768,0.18879,173.568952
32768,0.189076,173.30556
32768,0.188846,173.517293
