photons,time,photons_per_second
32768,0.170947,191.685616
32768,0.169926,192.836957
32768,0.172596,189.853735
32768,0.172912,189.507219
32768,0.167071,196.132683
32768,0.169104,193.774773
32768,0.170228,192.494425
32768,0.174255,188.045909
32768,0.168551,194.409759
32768,0.168907,194.00071
